{"input_nodes":6,"hidden_nodes":9,"output_nodes":2,"weights_ih":"{\"rows\":9,\"cols\":6,\"data\":[[0.4691136146509667,0.6867871824353449,-0.7115413406307161,0.556697549915366,1.252576444912342,0.830156957487226],[-0.06922736192245971,-0.7550481445556201,0.6820610792250461,0.7751414993447319,-0.8828455570677639,1.550709274207852],[-0.8756644836344027,0.6816889433283424,0.987870756830159,0.060279797812972546,-0.39844865610146885,0.5533940587827921],[-0.4015331674748368,-0.10197821416219921,0.0873792255814406,1.2407161635330208,-2.0239822013380757,0.29424745049291023],[-0.9314469064930373,1.859400305513191,-0.5544847766283643,-0.7042766241795866,0.16782205506448658,-1.8193741916170567],[-0.06926604091638877,-0.6498258790252942,0.3844343676157346,-0.14586038616445096,-0.3969429300719733,-1.2333742363243352],[-0.005785793203889833,-0.9222941500804509,0.13902932708068713,-1.3854125713874141,0.08942682225922538,-0.868422609741879],[0.2472671411295021,-0.2218266515056082,-1.087115860042888,-0.13610647222611516,0.3906319868234672,-0.1155957123191822],[1.2555250130464086,0.6536453590955985,0.5970761553270255,0.6107017751000354,-1.5158585524569965,0.6385774691252846]]}","weights_ho":"{\"rows\":2,\"cols\":9,\"data\":[[0.9138142749376883,0.2893467981647068,-0.5298545394271258,1.0213605834656998,-0.8621888714218167,-0.3010717877451353,0.427369225733518,-0.9338486854029289,-0.3329582367692496],[-0.647126093285169,-0.08373335442742752,0.693258069810649,0.6808377464708664,-0.25755756915690087,0.5649245567255963,0.3585611731862682,-0.8107752344112584,0.6724786963104858]]}","bias_h":"{\"rows\":9,\"cols\":1,\"data\":[[0.5240850984901262],[-0.3357347355493432],[-0.7291972731207654],[-0.36170544449817377],[-1.020100522371628],[-0.17332611106936732],[0.2861523505769858],[0.9586978015174683],[-0.15337751199077188]]}","bias_o":"{\"rows\":2,\"cols\":1,\"data\":[[-0.14003288138319966],[0.9234997843111659]]}","activation_hidden":"","activation_output":""}